group	x	xend	y	yend	showSelected1
13	0.510120452846937	0.345415356081182	2.64732295744856	2.76728726937265	1
13	0.510120452846937	0.345415356081182	2.64732295744856	2.76728726937265	2
13	0.510120452846937	0.345415356081182	2.64732295744856	2.76728726937265	3
13	0.510120452846937	0.345415356081182	2.64732295744856	2.76728726937265	4
13	0.510120452846937	0.345415356081182	2.64732295744856	2.76728726937265	5
13	0.510120452846937	0.345415356081182	2.64732295744856	2.76728726937265	6
13	0.510120452846937	0.345415356081182	2.64732295744856	2.76728726937265	7
13	0.510120452846937	0.345415356081182	2.64732295744856	2.76728726937265	8
13	0.510120452846937	0.345415356081182	2.64732295744856	2.76728726937265	9
13	0.510120452846937	0.345415356081182	2.64732295744856	2.76728726937265	10
13	0.510120452846937	0.345415356081182	2.64732295744856	2.76728726937265	11
13	0.510120452846937	0.345415356081182	2.64732295744856	2.76728726937265	12
13	0.510120452846937	0.345415356081182	2.64732295744856	2.76728726937265	13
13	0.510120452846937	0.345415356081182	2.64732295744856	2.76728726937265	14
20	0.510120452846937	0.494042537885743	2.64732295744856	2.34303882517041	2
20	0.510120452846937	0.494042537885743	2.64732295744856	2.34303882517041	3
20	0.510120452846937	0.494042537885743	2.64732295744856	2.34303882517041	4
20	0.510120452846937	0.494042537885743	2.64732295744856	2.34303882517041	5
20	0.510120452846937	0.494042537885743	2.64732295744856	2.34303882517041	6
20	0.510120452846937	0.494042537885743	2.64732295744856	2.34303882517041	7
20	0.510120452846937	0.494042537885743	2.64732295744856	2.34303882517041	8
20	0.510120452846937	0.494042537885743	2.64732295744856	2.34303882517041	9
20	0.510120452846937	0.494042537885743	2.64732295744856	2.34303882517041	10
20	0.510120452846937	0.494042537885743	2.64732295744856	2.34303882517041	11
20	0.510120452846937	0.494042537885743	2.64732295744856	2.34303882517041	12
20	0.510120452846937	0.494042537885743	2.64732295744856	2.34303882517041	13
20	0.510120452846937	0.494042537885743	2.64732295744856	2.34303882517041	14
6	0.510120452846937	0.45747996900835	2.64732295744856	2.20786780598317	3
6	0.510120452846937	0.45747996900835	2.64732295744856	2.20786780598317	4
6	0.510120452846937	0.45747996900835	2.64732295744856	2.20786780598317	5
6	0.510120452846937	0.45747996900835	2.64732295744856	2.20786780598317	6
6	0.510120452846937	0.45747996900835	2.64732295744856	2.20786780598317	7
6	0.510120452846937	0.45747996900835	2.64732295744856	2.20786780598317	8
6	0.510120452846937	0.45747996900835	2.64732295744856	2.20786780598317	9
6	0.510120452846937	0.45747996900835	2.64732295744856	2.20786780598317	10
6	0.510120452846937	0.45747996900835	2.64732295744856	2.20786780598317	11
6	0.510120452846937	0.45747996900835	2.64732295744856	2.20786780598317	12
6	0.510120452846937	0.45747996900835	2.64732295744856	2.20786780598317	13
6	0.510120452846937	0.45747996900835	2.64732295744856	2.20786780598317	14
15	0.510120452846937	1.38418535782634	2.64732295744856	2.68217608051942	4
15	0.510120452846937	1.38418535782634	2.64732295744856	2.68217608051942	5
15	0.510120452846937	1.38418535782634	2.64732295744856	2.68217608051942	6
15	0.510120452846937	1.38418535782634	2.64732295744856	2.68217608051942	7
15	0.510120452846937	1.38418535782634	2.64732295744856	2.68217608051942	8
15	0.510120452846937	1.38418535782634	2.64732295744856	2.68217608051942	9
15	0.510120452846937	1.38418535782634	2.64732295744856	2.68217608051942	10
15	0.510120452846937	1.38418535782634	2.64732295744856	2.68217608051942	11
15	0.510120452846937	1.38418535782634	2.64732295744856	2.68217608051942	12
15	0.510120452846937	1.38418535782634	2.64732295744856	2.68217608051942	13
15	0.510120452846937	1.38418535782634	2.64732295744856	2.68217608051942	14
30	0.510120452846937	-0.384426847384491	2.64732295744856	2.86929062242358	5
30	0.510120452846937	-0.384426847384491	2.64732295744856	2.86929062242358	6
30	0.510120452846937	-0.384426847384491	2.64732295744856	2.86929062242358	7
30	0.510120452846937	-0.384426847384491	2.64732295744856	2.86929062242358	8
30	0.510120452846937	-0.384426847384491	2.64732295744856	2.86929062242358	9
30	0.510120452846937	-0.384426847384491	2.64732295744856	2.86929062242358	10
30	0.510120452846937	-0.384426847384491	2.64732295744856	2.86929062242358	11
30	0.510120452846937	-0.384426847384491	2.64732295744856	2.86929062242358	12
30	0.510120452846937	-0.384426847384491	2.64732295744856	2.86929062242358	13
30	0.510120452846937	-0.384426847384491	2.64732295744856	2.86929062242358	14
22	0.510120452846937	0.899809258786438	2.64732295744856	1.71266630705141	6
22	0.510120452846937	0.899809258786438	2.64732295744856	1.71266630705141	7
22	0.510120452846937	0.899809258786438	2.64732295744856	1.71266630705141	8
22	0.510120452846937	0.899809258786438	2.64732295744856	1.71266630705141	9
22	0.510120452846937	0.899809258786438	2.64732295744856	1.71266630705141	10
22	0.510120452846937	0.899809258786438	2.64732295744856	1.71266630705141	11
22	0.510120452846937	0.899809258786438	2.64732295744856	1.71266630705141	12
22	0.510120452846937	0.899809258786438	2.64732295744856	1.71266630705141	13
22	0.510120452846937	0.899809258786438	2.64732295744856	1.71266630705141	14
14	0.510120452846937	1.71670747601721	2.64732295744856	1.91017422949523	7
14	0.510120452846937	1.71670747601721	2.64732295744856	1.91017422949523	8
14	0.510120452846937	1.71670747601721	2.64732295744856	1.91017422949523	9
14	0.510120452846937	1.71670747601721	2.64732295744856	1.91017422949523	10
14	0.510120452846937	1.71670747601721	2.64732295744856	1.91017422949523	11
14	0.510120452846937	1.71670747601721	2.64732295744856	1.91017422949523	12
14	0.510120452846937	1.71670747601721	2.64732295744856	1.91017422949523	13
14	0.510120452846937	1.71670747601721	2.64732295744856	1.91017422949523	14
28	0.510120452846937	-0.914359425680012	2.64732295744856	2.17658331201856	8
28	0.510120452846937	-0.914359425680012	2.64732295744856	2.17658331201856	9
28	0.510120452846937	-0.914359425680012	2.64732295744856	2.17658331201856	10
28	0.510120452846937	-0.914359425680012	2.64732295744856	2.17658331201856	11
28	0.510120452846937	-0.914359425680012	2.64732295744856	2.17658331201856	12
28	0.510120452846937	-0.914359425680012	2.64732295744856	2.17658331201856	13
28	0.510120452846937	-0.914359425680012	2.64732295744856	2.17658331201856	14
12	0.510120452846937	0.0890783514475545	2.64732295744856	1.15802877240408	9
12	0.510120452846937	0.0890783514475545	2.64732295744856	1.15802877240408	10
12	0.510120452846937	0.0890783514475545	2.64732295744856	1.15802877240408	11
12	0.510120452846937	0.0890783514475545	2.64732295744856	1.15802877240408	12
12	0.510120452846937	0.0890783514475545	2.64732295744856	1.15802877240408	13
12	0.510120452846937	0.0890783514475545	2.64732295744856	1.15802877240408	14
11	0.510120452846937	0.379633322775876	2.64732295744856	1.04211587314424	10
11	0.510120452846937	0.379633322775876	2.64732295744856	1.04211587314424	11
11	0.510120452846937	0.379633322775876	2.64732295744856	1.04211587314424	12
11	0.510120452846937	0.379633322775876	2.64732295744856	1.04211587314424	13
11	0.510120452846937	0.379633322775876	2.64732295744856	1.04211587314424	14
5	0.510120452846937	1.37001880991629	2.64732295744856	1.26709879077223	11
5	0.510120452846937	1.37001880991629	2.64732295744856	1.26709879077223	12
5	0.510120452846937	1.37001880991629	2.64732295744856	1.26709879077223	13
5	0.510120452846937	1.37001880991629	2.64732295744856	1.26709879077223	14
1	0.510120452846937	0.433023701701037	2.64732295744856	0.98039989850586	11
1	0.510120452846937	0.433023701701037	2.64732295744856	0.98039989850586	12
1	0.510120452846937	0.433023701701037	2.64732295744856	0.98039989850586	13
1	0.510120452846937	0.433023701701037	2.64732295744856	0.98039989850586	14
4	0.510120452846937	1.59394618762842	2.64732295744856	1.33295037121352	11
4	0.510120452846937	1.59394618762842	2.64732295744856	1.33295037121352	12
4	0.510120452846937	1.59394618762842	2.64732295744856	1.33295037121352	13
4	0.510120452846937	1.59394618762842	2.64732295744856	1.33295037121352	14
27	0.510120452846937	0.347905219319001	2.64732295744856	0.943103222152607	11
27	0.510120452846937	0.347905219319001	2.64732295744856	0.943103222152607	12
27	0.510120452846937	0.347905219319001	2.64732295744856	0.943103222152607	13
27	0.510120452846937	0.347905219319001	2.64732295744856	0.943103222152607	14
23	0.510120452846937	0.926435595873674	2.64732295744856	0.962365828532952	11
23	0.510120452846937	0.926435595873674	2.64732295744856	0.962365828532952	12
23	0.510120452846937	0.926435595873674	2.64732295744856	0.962365828532952	13
23	0.510120452846937	0.926435595873674	2.64732295744856	0.962365828532952	14
3	0.510120452846937	0.431331267181498	2.64732295744856	0.864821384876168	12
3	0.510120452846937	0.431331267181498	2.64732295744856	0.864821384876168	13
3	0.510120452846937	0.431331267181498	2.64732295744856	0.864821384876168	14
21	0.510120452846937	0.785420591453131	2.64732295744856	0.820443469956613	12
21	0.510120452846937	0.785420591453131	2.64732295744856	0.820443469956613	13
21	0.510120452846937	0.785420591453131	2.64732295744856	0.820443469956613	14
7	0.510120452846937	2.16040261569495	2.64732295744856	1.700213649515	12
7	0.510120452846937	2.16040261569495	2.64732295744856	1.700213649515	13
7	0.510120452846937	2.16040261569495	2.64732295744856	1.700213649515	14
29	0.510120452846937	1.45018710127266	2.64732295744856	0.981440167285362	12
29	0.510120452846937	1.45018710127266	2.64732295744856	0.981440167285362	13
29	0.510120452846937	1.45018710127266	2.64732295744856	0.981440167285362	14
18	0.510120452846937	0.680007131451493	2.64732295744856	0.720886697023441	12
18	0.510120452846937	0.680007131451493	2.64732295744856	0.720886697023441	13
18	0.510120452846937	0.680007131451493	2.64732295744856	0.720886697023441	14
24	0.510120452846937	0.318339521244343	2.64732295744856	0.675729727753681	13
24	0.510120452846937	0.318339521244343	2.64732295744856	0.675729727753681	14
2	0.510120452846937	-0.846746661788102	2.64732295744856	1.17261167036215	13
2	0.510120452846937	-0.846746661788102	2.64732295744856	1.17261167036215	14
17	0.510120452846937	0.792619256398035	2.64732295744856	0.607192070558016	13
17	0.510120452846937	0.792619256398035	2.64732295744856	0.607192070558016	14
19	0.510120452846937	1.49418833126783	2.64732295744856	0.822669517730394	13
19	0.510120452846937	1.49418833126783	2.64732295744856	0.822669517730394	14
16	0.510120452846937	0.364263546051023	2.64732295744856	0.538355269639434	13
16	0.510120452846937	0.364263546051023	2.64732295744856	0.538355269639434	14
26	0.510120452846937	0.699023873163389	2.64732295744856	0.471720095554994	14
10	0.510120452846937	-0.224612614898356	2.64732295744856	0.526599363560688	14
25	0.510120452846937	1.06016044043452	2.64732295744856	0.411105513740336	14
8	0.510120452846937	2.58683345454085	2.64732295744856	1.5584864255653	14
9	0.510120452846937	-0.276592208458037	2.64732295744856	0.426734585763114	14
40	-0.286376521095639	-0.303036624595263	-0.306032436169218	-0.443336801326343	15
40	-0.286376521095639	-0.303036624595263	-0.306032436169218	-0.443336801326343	16
40	-0.286376521095639	-0.303036624595263	-0.306032436169218	-0.443336801326343	17
40	-0.286376521095639	-0.303036624595263	-0.306032436169218	-0.443336801326343	18
40	-0.286376521095639	-0.303036624595263	-0.306032436169218	-0.443336801326343	19
40	-0.286376521095639	-0.303036624595263	-0.306032436169218	-0.443336801326343	20
40	-0.286376521095639	-0.303036624595263	-0.306032436169218	-0.443336801326343	21
40	-0.286376521095639	-0.303036624595263	-0.306032436169218	-0.443336801326343	22
40	-0.286376521095639	-0.303036624595263	-0.306032436169218	-0.443336801326343	23
40	-0.286376521095639	-0.303036624595263	-0.306032436169218	-0.443336801326343	24
40	-0.286376521095639	-0.303036624595263	-0.306032436169218	-0.443336801326343	25
40	-0.286376521095639	-0.303036624595263	-0.306032436169218	-0.443336801326343	26
40	-0.286376521095639	-0.303036624595263	-0.306032436169218	-0.443336801326343	27
40	-0.286376521095639	-0.303036624595263	-0.306032436169218	-0.443336801326343	28
31	-0.286376521095639	-0.178778804901911	-0.306032436169218	-0.406098678782491	16
31	-0.286376521095639	-0.178778804901911	-0.306032436169218	-0.406098678782491	17
31	-0.286376521095639	-0.178778804901911	-0.306032436169218	-0.406098678782491	18
31	-0.286376521095639	-0.178778804901911	-0.306032436169218	-0.406098678782491	19
31	-0.286376521095639	-0.178778804901911	-0.306032436169218	-0.406098678782491	20
31	-0.286376521095639	-0.178778804901911	-0.306032436169218	-0.406098678782491	21
31	-0.286376521095639	-0.178778804901911	-0.306032436169218	-0.406098678782491	22
31	-0.286376521095639	-0.178778804901911	-0.306032436169218	-0.406098678782491	23
31	-0.286376521095639	-0.178778804901911	-0.306032436169218	-0.406098678782491	24
31	-0.286376521095639	-0.178778804901911	-0.306032436169218	-0.406098678782491	25
31	-0.286376521095639	-0.178778804901911	-0.306032436169218	-0.406098678782491	26
31	-0.286376521095639	-0.178778804901911	-0.306032436169218	-0.406098678782491	27
31	-0.286376521095639	-0.178778804901911	-0.306032436169218	-0.406098678782491	28
32	-0.286376521095639	-0.0810226283917818	-0.306032436169218	-0.217863699268933	17
32	-0.286376521095639	-0.0810226283917818	-0.306032436169218	-0.217863699268933	18
32	-0.286376521095639	-0.0810226283917818	-0.306032436169218	-0.217863699268933	19
32	-0.286376521095639	-0.0810226283917818	-0.306032436169218	-0.217863699268933	20
32	-0.286376521095639	-0.0810226283917818	-0.306032436169218	-0.217863699268933	21
32	-0.286376521095639	-0.0810226283917818	-0.306032436169218	-0.217863699268933	22
32	-0.286376521095639	-0.0810226283917818	-0.306032436169218	-0.217863699268933	23
32	-0.286376521095639	-0.0810226283917818	-0.306032436169218	-0.217863699268933	24
32	-0.286376521095639	-0.0810226283917818	-0.306032436169218	-0.217863699268933	25
32	-0.286376521095639	-0.0810226283917818	-0.306032436169218	-0.217863699268933	26
32	-0.286376521095639	-0.0810226283917818	-0.306032436169218	-0.217863699268933	27
32	-0.286376521095639	-0.0810226283917818	-0.306032436169218	-0.217863699268933	28
46	-0.286376521095639	-0.512570947571515	-0.306032436169218	-0.261675294870783	18
46	-0.286376521095639	-0.512570947571515	-0.306032436169218	-0.261675294870783	19
46	-0.286376521095639	-0.512570947571515	-0.306032436169218	-0.261675294870783	20
46	-0.286376521095639	-0.512570947571515	-0.306032436169218	-0.261675294870783	21
46	-0.286376521095639	-0.512570947571515	-0.306032436169218	-0.261675294870783	22
46	-0.286376521095639	-0.512570947571515	-0.306032436169218	-0.261675294870783	23
46	-0.286376521095639	-0.512570947571515	-0.306032436169218	-0.261675294870783	24
46	-0.286376521095639	-0.512570947571515	-0.306032436169218	-0.261675294870783	25
46	-0.286376521095639	-0.512570947571515	-0.306032436169218	-0.261675294870783	26
46	-0.286376521095639	-0.512570947571515	-0.306032436169218	-0.261675294870783	27
46	-0.286376521095639	-0.512570947571515	-0.306032436169218	-0.261675294870783	28
58	-0.286376521095639	-0.487460310141485	-0.306032436169218	-0.0751922966156808	19
58	-0.286376521095639	-0.487460310141485	-0.306032436169218	-0.0751922966156808	20
58	-0.286376521095639	-0.487460310141485	-0.306032436169218	-0.0751922966156808	21
58	-0.286376521095639	-0.487460310141485	-0.306032436169218	-0.0751922966156808	22
58	-0.286376521095639	-0.487460310141485	-0.306032436169218	-0.0751922966156808	23
58	-0.286376521095639	-0.487460310141485	-0.306032436169218	-0.0751922966156808	24
58	-0.286376521095639	-0.487460310141485	-0.306032436169218	-0.0751922966156808	25
58	-0.286376521095639	-0.487460310141485	-0.306032436169218	-0.0751922966156808	26
58	-0.286376521095639	-0.487460310141485	-0.306032436169218	-0.0751922966156808	27
58	-0.286376521095639	-0.487460310141485	-0.306032436169218	-0.0751922966156808	28
56	-0.286376521095639	-0.286300530434326	-0.306032436169218	-0.640605534418578	20
56	-0.286376521095639	-0.286300530434326	-0.306032436169218	-0.640605534418578	21
56	-0.286376521095639	-0.286300530434326	-0.306032436169218	-0.640605534418578	22
56	-0.286376521095639	-0.286300530434326	-0.306032436169218	-0.640605534418578	23
56	-0.286376521095639	-0.286300530434326	-0.306032436169218	-0.640605534418578	24
56	-0.286376521095639	-0.286300530434326	-0.306032436169218	-0.640605534418578	25
56	-0.286376521095639	-0.286300530434326	-0.306032436169218	-0.640605534418578	26
56	-0.286376521095639	-0.286300530434326	-0.306032436169218	-0.640605534418578	27
56	-0.286376521095639	-0.286300530434326	-0.306032436169218	-0.640605534418578	28
41	-0.286376521095639	-0.63541803786317	-0.306032436169218	-0.231467075484584	21
41	-0.286376521095639	-0.63541803786317	-0.306032436169218	-0.231467075484584	22
41	-0.286376521095639	-0.63541803786317	-0.306032436169218	-0.231467075484584	23
41	-0.286376521095639	-0.63541803786317	-0.306032436169218	-0.231467075484584	24
41	-0.286376521095639	-0.63541803786317	-0.306032436169218	-0.231467075484584	25
41	-0.286376521095639	-0.63541803786317	-0.306032436169218	-0.231467075484584	26
41	-0.286376521095639	-0.63541803786317	-0.306032436169218	-0.231467075484584	27
41	-0.286376521095639	-0.63541803786317	-0.306032436169218	-0.231467075484584	28
38	-0.286376521095639	0.100025371983883	-0.306032436169218	-0.236824251542456	22
38	-0.286376521095639	0.100025371983883	-0.306032436169218	-0.236824251542456	23
38	-0.286376521095639	0.100025371983883	-0.306032436169218	-0.236824251542456	24
38	-0.286376521095639	0.100025371983883	-0.306032436169218	-0.236824251542456	25
38	-0.286376521095639	0.100025371983883	-0.306032436169218	-0.236824251542456	26
38	-0.286376521095639	0.100025371983883	-0.306032436169218	-0.236824251542456	27
38	-0.286376521095639	0.100025371983883	-0.306032436169218	-0.236824251542456	28
55	-0.286376521095639	-0.115920105042845	-0.306032436169218	0.249180998806552	23
55	-0.286376521095639	-0.115920105042845	-0.306032436169218	0.249180998806552	24
55	-0.286376521095639	-0.115920105042845	-0.306032436169218	0.249180998806552	25
55	-0.286376521095639	-0.115920105042845	-0.306032436169218	0.249180998806552	26
55	-0.286376521095639	-0.115920105042845	-0.306032436169218	0.249180998806552	27
55	-0.286376521095639	-0.115920105042845	-0.306032436169218	0.249180998806552	28
45	-0.286376521095639	-0.310260637549223	-0.306032436169218	-0.971997841219334	24
45	-0.286376521095639	-0.310260637549223	-0.306032436169218	-0.971997841219334	25
45	-0.286376521095639	-0.310260637549223	-0.306032436169218	-0.971997841219334	26
45	-0.286376521095639	-0.310260637549223	-0.306032436169218	-0.971997841219334	27
45	-0.286376521095639	-0.310260637549223	-0.306032436169218	-0.971997841219334	28
47	-0.286376521095639	-0.276592208458037	-0.306032436169218	0.426734585763114	25
47	-0.286376521095639	-0.276592208458037	-0.306032436169218	0.426734585763114	26
47	-0.286376521095639	-0.276592208458037	-0.306032436169218	0.426734585763114	27
47	-0.286376521095639	-0.276592208458037	-0.306032436169218	0.426734585763114	28
33	-0.286376521095639	-0.38017425210529	-0.306032436169218	-1.056128739529	25
33	-0.286376521095639	-0.38017425210529	-0.306032436169218	-1.056128739529	26
33	-0.286376521095639	-0.38017425210529	-0.306032436169218	-1.056128739529	27
33	-0.286376521095639	-0.38017425210529	-0.306032436169218	-1.056128739529	28
60	-0.286376521095639	-1.01619026309895	-0.306032436169218	-0.0561637893147008	25
60	-0.286376521095639	-1.01619026309895	-0.306032436169218	-0.0561637893147008	26
60	-0.286376521095639	-1.01619026309895	-0.306032436169218	-0.0561637893147008	27
60	-0.286376521095639	-1.01619026309895	-0.306032436169218	-0.0561637893147008	28
36	-0.286376521095639	-0.612328388440631	-0.306032436169218	-1.05380504058291	25
36	-0.286376521095639	-0.612328388440631	-0.306032436169218	-1.05380504058291	26
36	-0.286376521095639	-0.612328388440631	-0.306032436169218	-1.05380504058291	27
36	-0.286376521095639	-0.612328388440631	-0.306032436169218	-1.05380504058291	28
49	-0.286376521095639	-0.224612614898356	-0.306032436169218	0.526599363560688	25
49	-0.286376521095639	-0.224612614898356	-0.306032436169218	0.526599363560688	26
49	-0.286376521095639	-0.224612614898356	-0.306032436169218	0.526599363560688	27
49	-0.286376521095639	-0.224612614898356	-0.306032436169218	0.526599363560688	28
44	-0.286376521095639	-0.430280372557587	-0.306032436169218	-1.13505460388082	26
44	-0.286376521095639	-0.430280372557587	-0.306032436169218	-1.13505460388082	27
44	-0.286376521095639	-0.430280372557587	-0.306032436169218	-1.13505460388082	28
59	-0.286376521095639	0.124930918143108	-0.306032436169218	-1.04493360901523	26
59	-0.286376521095639	0.124930918143108	-0.306032436169218	-1.04493360901523	27
59	-0.286376521095639	0.124930918143108	-0.306032436169218	-1.04493360901523	28
42	-0.286376521095639	-1.11234621215023	-0.306032436169218	-0.118892273545785	26
42	-0.286376521095639	-1.11234621215023	-0.306032436169218	-0.118892273545785	27
42	-0.286376521095639	-1.11234621215023	-0.306032436169218	-0.118892273545785	28
51	-0.286376521095639	0.511781168450848	-0.306032436169218	-0.610156763588569	26
51	-0.286376521095639	0.511781168450848	-0.306032436169218	-0.610156763588569	27
51	-0.286376521095639	0.511781168450848	-0.306032436169218	-0.610156763588569	28
54	-0.286376521095639	-0.664972436212003	-0.306032436169218	0.536469598527614	26
54	-0.286376521095639	-0.664972436212003	-0.306032436169218	0.536469598527614	27
54	-0.286376521095639	-0.664972436212003	-0.306032436169218	0.536469598527614	28
48	-0.286376521095639	-0.424218648346508	-0.306032436169218	-1.30538838715636	27
48	-0.286376521095639	-0.424218648346508	-0.306032436169218	-1.30538838715636	28
35	-0.286376521095639	0.358679551529044	-0.306032436169218	-1.102787727343	27
35	-0.286376521095639	0.358679551529044	-0.306032436169218	-1.102787727343	28
57	-0.286376521095639	0.681931625456156	-0.306032436169218	0.0706378525462976	27
57	-0.286376521095639	0.681931625456156	-0.306032436169218	0.0706378525462976	28
50	-0.286376521095639	0.364263546051023	-0.306032436169218	0.538355269639434	27
50	-0.286376521095639	0.364263546051023	-0.306032436169218	0.538355269639434	28
52	-0.286376521095639	0.318339521244343	-0.306032436169218	0.675729727753681	27
52	-0.286376521095639	0.318339521244343	-0.306032436169218	0.675729727753681	28
34	-0.286376521095639	-1.47815005510862	-0.306032436169218	-0.582058439800298	28
53	-0.286376521095639	0.699023873163389	-0.306032436169218	0.471720095554994	28
39	-0.286376521095639	-1.16452359625359	-0.306032436169218	-1.25336168013651	28
37	-0.286376521095639	-1.39428995371035	-0.306032436169218	-1.05931339671119	28
43	-0.286376521095639	-0.601894119632932	-0.306032436169218	-1.61202639325077	28
72	1.27017965845082	1.40161776050478	-1.70939358025537	-1.03924000273317	29
72	1.27017965845082	1.40161776050478	-1.70939358025537	-1.03924000273317	30
72	1.27017965845082	1.40161776050478	-1.70939358025537	-1.03924000273317	31
72	1.27017965845082	1.40161776050478	-1.70939358025537	-1.03924000273317	32
72	1.27017965845082	1.40161776050478	-1.70939358025537	-1.03924000273317	33
72	1.27017965845082	1.40161776050478	-1.70939358025537	-1.03924000273317	34
72	1.27017965845082	1.40161776050478	-1.70939358025537	-1.03924000273317	35
72	1.27017965845082	1.40161776050478	-1.70939358025537	-1.03924000273317	36
72	1.27017965845082	1.40161776050478	-1.70939358025537	-1.03924000273317	37
72	1.27017965845082	1.40161776050478	-1.70939358025537	-1.03924000273317	38
72	1.27017965845082	1.40161776050478	-1.70939358025537	-1.03924000273317	39
72	1.27017965845082	1.40161776050478	-1.70939358025537	-1.03924000273317	40
72	1.27017965845082	1.40161776050478	-1.70939358025537	-1.03924000273317	41
72	1.27017965845082	1.40161776050478	-1.70939358025537	-1.03924000273317	42
64	1.27017965845082	0.358679551529044	-1.70939358025537	-1.102787727343	30
64	1.27017965845082	0.358679551529044	-1.70939358025537	-1.102787727343	31
64	1.27017965845082	0.358679551529044	-1.70939358025537	-1.102787727343	32
64	1.27017965845082	0.358679551529044	-1.70939358025537	-1.102787727343	33
64	1.27017965845082	0.358679551529044	-1.70939358025537	-1.102787727343	34
64	1.27017965845082	0.358679551529044	-1.70939358025537	-1.102787727343	35
64	1.27017965845082	0.358679551529044	-1.70939358025537	-1.102787727343	36
64	1.27017965845082	0.358679551529044	-1.70939358025537	-1.102787727343	37
64	1.27017965845082	0.358679551529044	-1.70939358025537	-1.102787727343	38
64	1.27017965845082	0.358679551529044	-1.70939358025537	-1.102787727343	39
64	1.27017965845082	0.358679551529044	-1.70939358025537	-1.102787727343	40
64	1.27017965845082	0.358679551529044	-1.70939358025537	-1.102787727343	41
64	1.27017965845082	0.358679551529044	-1.70939358025537	-1.102787727343	42
85	1.27017965845082	1.30655786078977	-1.70939358025537	-0.536449823537586	31
85	1.27017965845082	1.30655786078977	-1.70939358025537	-0.536449823537586	32
85	1.27017965845082	1.30655786078977	-1.70939358025537	-0.536449823537586	33
85	1.27017965845082	1.30655786078977	-1.70939358025537	-0.536449823537586	34
85	1.27017965845082	1.30655786078977	-1.70939358025537	-0.536449823537586	35
85	1.27017965845082	1.30655786078977	-1.70939358025537	-0.536449823537586	36
85	1.27017965845082	1.30655786078977	-1.70939358025537	-0.536449823537586	37
85	1.27017965845082	1.30655786078977	-1.70939358025537	-0.536449823537586	38
85	1.27017965845082	1.30655786078977	-1.70939358025537	-0.536449823537586	39
85	1.27017965845082	1.30655786078977	-1.70939358025537	-0.536449823537586	40
85	1.27017965845082	1.30655786078977	-1.70939358025537	-0.536449823537586	41
85	1.27017965845082	1.30655786078977	-1.70939358025537	-0.536449823537586	42
84	1.27017965845082	1.53149619263257	-1.70939358025537	-0.518394081786787	32
84	1.27017965845082	1.53149619263257	-1.70939358025537	-0.518394081786787	33
84	1.27017965845082	1.53149619263257	-1.70939358025537	-0.518394081786787	34
84	1.27017965845082	1.53149619263257	-1.70939358025537	-0.518394081786787	35
84	1.27017965845082	1.53149619263257	-1.70939358025537	-0.518394081786787	36
84	1.27017965845082	1.53149619263257	-1.70939358025537	-0.518394081786787	37
84	1.27017965845082	1.53149619263257	-1.70939358025537	-0.518394081786787	38
84	1.27017965845082	1.53149619263257	-1.70939358025537	-0.518394081786787	39
84	1.27017965845082	1.53149619263257	-1.70939358025537	-0.518394081786787	40
84	1.27017965845082	1.53149619263257	-1.70939358025537	-0.518394081786787	41
84	1.27017965845082	1.53149619263257	-1.70939358025537	-0.518394081786787	42
90	1.27017965845082	0.124930918143108	-1.70939358025537	-1.04493360901523	33
90	1.27017965845082	0.124930918143108	-1.70939358025537	-1.04493360901523	34
90	1.27017965845082	0.124930918143108	-1.70939358025537	-1.04493360901523	35
90	1.27017965845082	0.124930918143108	-1.70939358025537	-1.04493360901523	36
90	1.27017965845082	0.124930918143108	-1.70939358025537	-1.04493360901523	37
90	1.27017965845082	0.124930918143108	-1.70939358025537	-1.04493360901523	38
90	1.27017965845082	0.124930918143108	-1.70939358025537	-1.04493360901523	39
90	1.27017965845082	0.124930918143108	-1.70939358025537	-1.04493360901523	40
90	1.27017965845082	0.124930918143108	-1.70939358025537	-1.04493360901523	41
90	1.27017965845082	0.124930918143108	-1.70939358025537	-1.04493360901523	42
82	1.27017965845082	0.511781168450848	-1.70939358025537	-0.610156763588569	34
82	1.27017965845082	0.511781168450848	-1.70939358025537	-0.610156763588569	35
82	1.27017965845082	0.511781168450848	-1.70939358025537	-0.610156763588569	36
82	1.27017965845082	0.511781168450848	-1.70939358025537	-0.610156763588569	37
82	1.27017965845082	0.511781168450848	-1.70939358025537	-0.610156763588569	38
82	1.27017965845082	0.511781168450848	-1.70939358025537	-0.610156763588569	39
82	1.27017965845082	0.511781168450848	-1.70939358025537	-0.610156763588569	40
82	1.27017965845082	0.511781168450848	-1.70939358025537	-0.610156763588569	41
82	1.27017965845082	0.511781168450848	-1.70939358025537	-0.610156763588569	42
78	1.27017965845082	2.1780869965732	-1.70939358025537	-0.523566800429762	35
78	1.27017965845082	2.1780869965732	-1.70939358025537	-0.523566800429762	36
78	1.27017965845082	2.1780869965732	-1.70939358025537	-0.523566800429762	37
78	1.27017965845082	2.1780869965732	-1.70939358025537	-0.523566800429762	38
78	1.27017965845082	2.1780869965732	-1.70939358025537	-0.523566800429762	39
78	1.27017965845082	2.1780869965732	-1.70939358025537	-0.523566800429762	40
78	1.27017965845082	2.1780869965732	-1.70939358025537	-0.523566800429762	41
78	1.27017965845082	2.1780869965732	-1.70939358025537	-0.523566800429762	42
75	1.27017965845082	-0.389273646510945	-1.70939358025537	-1.93409763164425	36
75	1.27017965845082	-0.389273646510945	-1.70939358025537	-1.93409763164425	37
75	1.27017965845082	-0.389273646510945	-1.70939358025537	-1.93409763164425	38
75	1.27017965845082	-0.389273646510945	-1.70939358025537	-1.93409763164425	39
75	1.27017965845082	-0.389273646510945	-1.70939358025537	-1.93409763164425	40
75	1.27017965845082	-0.389273646510945	-1.70939358025537	-1.93409763164425	41
75	1.27017965845082	-0.389273646510945	-1.70939358025537	-1.93409763164425	42
79	1.27017965845082	-0.424218648346508	-1.70939358025537	-1.30538838715636	37
79	1.27017965845082	-0.424218648346508	-1.70939358025537	-1.30538838715636	38
79	1.27017965845082	-0.424218648346508	-1.70939358025537	-1.30538838715636	39
79	1.27017965845082	-0.424218648346508	-1.70939358025537	-1.30538838715636	40
79	1.27017965845082	-0.424218648346508	-1.70939358025537	-1.30538838715636	41
79	1.27017965845082	-0.424218648346508	-1.70939358025537	-1.30538838715636	42
73	1.27017965845082	-0.310260637549223	-1.70939358025537	-0.971997841219334	38
73	1.27017965845082	-0.310260637549223	-1.70939358025537	-0.971997841219334	39
73	1.27017965845082	-0.310260637549223	-1.70939358025537	-0.971997841219334	40
73	1.27017965845082	-0.310260637549223	-1.70939358025537	-0.971997841219334	41
73	1.27017965845082	-0.310260637549223	-1.70939358025537	-0.971997841219334	42
63	1.27017965845082	-0.38017425210529	-1.70939358025537	-1.056128739529	39
63	1.27017965845082	-0.38017425210529	-1.70939358025537	-1.056128739529	40
63	1.27017965845082	-0.38017425210529	-1.70939358025537	-1.056128739529	41
63	1.27017965845082	-0.38017425210529	-1.70939358025537	-1.056128739529	42
74	1.27017965845082	-0.524490471100338	-1.70939358025537	-1.70994643092181	39
74	1.27017965845082	-0.524490471100338	-1.70939358025537	-1.70994643092181	40
74	1.27017965845082	-0.524490471100338	-1.70939358025537	-1.70994643092181	41
74	1.27017965845082	-0.524490471100338	-1.70939358025537	-1.70994643092181	42
71	1.27017965845082	-0.430280372557587	-1.70939358025537	-1.13505460388082	39
71	1.27017965845082	-0.430280372557587	-1.70939358025537	-1.13505460388082	40
71	1.27017965845082	-0.430280372557587	-1.70939358025537	-1.13505460388082	41
71	1.27017965845082	-0.430280372557587	-1.70939358025537	-1.13505460388082	42
68	1.27017965845082	-0.601894119632932	-1.70939358025537	-1.61202639325077	39
68	1.27017965845082	-0.601894119632932	-1.70939358025537	-1.61202639325077	40
68	1.27017965845082	-0.601894119632932	-1.70939358025537	-1.61202639325077	41
68	1.27017965845082	-0.601894119632932	-1.70939358025537	-1.61202639325077	42
88	1.27017965845082	0.681931625456156	-1.70939358025537	0.0706378525462976	39
88	1.27017965845082	0.681931625456156	-1.70939358025537	0.0706378525462976	40
88	1.27017965845082	0.681931625456156	-1.70939358025537	0.0706378525462976	41
88	1.27017965845082	0.681931625456156	-1.70939358025537	0.0706378525462976	42
66	1.27017965845082	0.100025371983883	-1.70939358025537	-0.236824251542456	40
66	1.27017965845082	0.100025371983883	-1.70939358025537	-0.236824251542456	41
66	1.27017965845082	0.100025371983883	-1.70939358025537	-0.236824251542456	42
87	1.27017965845082	-0.286300530434326	-1.70939358025537	-0.640605534418578	40
87	1.27017965845082	-0.286300530434326	-1.70939358025537	-0.640605534418578	41
87	1.27017965845082	-0.286300530434326	-1.70939358025537	-0.640605534418578	42
70	1.27017965845082	-0.67049222818464	-1.70939358025537	-1.82046838411802	40
70	1.27017965845082	-0.67049222818464	-1.70939358025537	-1.82046838411802	41
70	1.27017965845082	-0.67049222818464	-1.70939358025537	-1.82046838411802	42
61	1.27017965845082	-0.178778804901911	-1.70939358025537	-0.406098678782491	40
61	1.27017965845082	-0.178778804901911	-1.70939358025537	-0.406098678782491	41
61	1.27017965845082	-0.178778804901911	-1.70939358025537	-0.406098678782491	42
69	1.27017965845082	-0.658880308575575	-1.70939358025537	-2.12936309608079	40
69	1.27017965845082	-0.658880308575575	-1.70939358025537	-2.12936309608079	41
69	1.27017965845082	-0.658880308575575	-1.70939358025537	-2.12936309608079	42
65	1.27017965845082	-0.612328388440631	-1.70939358025537	-1.05380504058291	41
65	1.27017965845082	-0.612328388440631	-1.70939358025537	-1.05380504058291	42
62	1.27017965845082	-0.0810226283917818	-1.70939358025537	-0.217863699268933	41
62	1.27017965845082	-0.0810226283917818	-1.70939358025537	-0.217863699268933	42
67	1.27017965845082	-0.303036624595263	-1.70939358025537	-0.443336801326343	41
67	1.27017965845082	-0.303036624595263	-1.70939358025537	-0.443336801326343	42
83	1.27017965845082	1.06016044043452	-1.70939358025537	0.411105513740336	41
83	1.27017965845082	1.06016044043452	-1.70939358025537	0.411105513740336	42
77	1.27017965845082	-0.925658675848336	-1.70939358025537	-1.58952094618807	41
77	1.27017965845082	-0.925658675848336	-1.70939358025537	-1.58952094618807	42
89	1.27017965845082	2.00002880371391	-1.70939358025537	0.378733305203177	42
86	1.27017965845082	0.699023873163389	-1.70939358025537	0.471720095554994	42
76	1.27017965845082	-0.512570947571515	-1.70939358025537	-0.261675294870783	42
80	1.27017965845082	2.43228223854166	-1.70939358025537	0.349303646689633	42
81	1.27017965845082	0.792619256398035	-1.70939358025537	0.607192070558016	42
112	1.06370718164992	1.30655786078977	-0.173279522345063	-0.536449823537586	43
112	1.06370718164992	1.30655786078977	-0.173279522345063	-0.536449823537586	44
112	1.06370718164992	1.30655786078977	-0.173279522345063	-0.536449823537586	45
112	1.06370718164992	1.30655786078977	-0.173279522345063	-0.536449823537586	46
112	1.06370718164992	1.30655786078977	-0.173279522345063	-0.536449823537586	47
112	1.06370718164992	1.30655786078977	-0.173279522345063	-0.536449823537586	48
112	1.06370718164992	1.30655786078977	-0.173279522345063	-0.536449823537586	49
112	1.06370718164992	1.30655786078977	-0.173279522345063	-0.536449823537586	50
112	1.06370718164992	1.30655786078977	-0.173279522345063	-0.536449823537586	51
112	1.06370718164992	1.30655786078977	-0.173279522345063	-0.536449823537586	52
112	1.06370718164992	1.30655786078977	-0.173279522345063	-0.536449823537586	53
112	1.06370718164992	1.30655786078977	-0.173279522345063	-0.536449823537586	54
112	1.06370718164992	1.30655786078977	-0.173279522345063	-0.536449823537586	55
112	1.06370718164992	1.30655786078977	-0.173279522345063	-0.536449823537586	56
118	1.06370718164992	0.681931625456156	-0.173279522345063	0.0706378525462976	44
118	1.06370718164992	0.681931625456156	-0.173279522345063	0.0706378525462976	45
118	1.06370718164992	0.681931625456156	-0.173279522345063	0.0706378525462976	46
118	1.06370718164992	0.681931625456156	-0.173279522345063	0.0706378525462976	47
118	1.06370718164992	0.681931625456156	-0.173279522345063	0.0706378525462976	48
118	1.06370718164992	0.681931625456156	-0.173279522345063	0.0706378525462976	49
118	1.06370718164992	0.681931625456156	-0.173279522345063	0.0706378525462976	50
118	1.06370718164992	0.681931625456156	-0.173279522345063	0.0706378525462976	51
118	1.06370718164992	0.681931625456156	-0.173279522345063	0.0706378525462976	52
118	1.06370718164992	0.681931625456156	-0.173279522345063	0.0706378525462976	53
118	1.06370718164992	0.681931625456156	-0.173279522345063	0.0706378525462976	54
118	1.06370718164992	0.681931625456156	-0.173279522345063	0.0706378525462976	55
118	1.06370718164992	0.681931625456156	-0.173279522345063	0.0706378525462976	56
111	1.06370718164992	1.53149619263257	-0.173279522345063	-0.518394081786787	45
111	1.06370718164992	1.53149619263257	-0.173279522345063	-0.518394081786787	46
111	1.06370718164992	1.53149619263257	-0.173279522345063	-0.518394081786787	47
111	1.06370718164992	1.53149619263257	-0.173279522345063	-0.518394081786787	48
111	1.06370718164992	1.53149619263257	-0.173279522345063	-0.518394081786787	49
111	1.06370718164992	1.53149619263257	-0.173279522345063	-0.518394081786787	50
111	1.06370718164992	1.53149619263257	-0.173279522345063	-0.518394081786787	51
111	1.06370718164992	1.53149619263257	-0.173279522345063	-0.518394081786787	52
111	1.06370718164992	1.53149619263257	-0.173279522345063	-0.518394081786787	53
111	1.06370718164992	1.53149619263257	-0.173279522345063	-0.518394081786787	54
111	1.06370718164992	1.53149619263257	-0.173279522345063	-0.518394081786787	55
111	1.06370718164992	1.53149619263257	-0.173279522345063	-0.518394081786787	56
110	1.06370718164992	1.06016044043452	-0.173279522345063	0.411105513740336	46
110	1.06370718164992	1.06016044043452	-0.173279522345063	0.411105513740336	47
110	1.06370718164992	1.06016044043452	-0.173279522345063	0.411105513740336	48
110	1.06370718164992	1.06016044043452	-0.173279522345063	0.411105513740336	49
110	1.06370718164992	1.06016044043452	-0.173279522345063	0.411105513740336	50
110	1.06370718164992	1.06016044043452	-0.173279522345063	0.411105513740336	51
110	1.06370718164992	1.06016044043452	-0.173279522345063	0.411105513740336	52
110	1.06370718164992	1.06016044043452	-0.173279522345063	0.411105513740336	53
110	1.06370718164992	1.06016044043452	-0.173279522345063	0.411105513740336	54
110	1.06370718164992	1.06016044043452	-0.173279522345063	0.411105513740336	55
110	1.06370718164992	1.06016044043452	-0.173279522345063	0.411105513740336	56
105	1.06370718164992	0.511781168450848	-0.173279522345063	-0.610156763588569	47
105	1.06370718164992	0.511781168450848	-0.173279522345063	-0.610156763588569	48
105	1.06370718164992	0.511781168450848	-0.173279522345063	-0.610156763588569	49
105	1.06370718164992	0.511781168450848	-0.173279522345063	-0.610156763588569	50
105	1.06370718164992	0.511781168450848	-0.173279522345063	-0.610156763588569	51
105	1.06370718164992	0.511781168450848	-0.173279522345063	-0.610156763588569	52
105	1.06370718164992	0.511781168450848	-0.173279522345063	-0.610156763588569	53
105	1.06370718164992	0.511781168450848	-0.173279522345063	-0.610156763588569	54
105	1.06370718164992	0.511781168450848	-0.173279522345063	-0.610156763588569	55
105	1.06370718164992	0.511781168450848	-0.173279522345063	-0.610156763588569	56
113	1.06370718164992	0.699023873163389	-0.173279522345063	0.471720095554994	48
113	1.06370718164992	0.699023873163389	-0.173279522345063	0.471720095554994	49
113	1.06370718164992	0.699023873163389	-0.173279522345063	0.471720095554994	50
113	1.06370718164992	0.699023873163389	-0.173279522345063	0.471720095554994	51
113	1.06370718164992	0.699023873163389	-0.173279522345063	0.471720095554994	52
113	1.06370718164992	0.699023873163389	-0.173279522345063	0.471720095554994	53
113	1.06370718164992	0.699023873163389	-0.173279522345063	0.471720095554994	54
113	1.06370718164992	0.699023873163389	-0.173279522345063	0.471720095554994	55
113	1.06370718164992	0.699023873163389	-0.173279522345063	0.471720095554994	56
103	1.06370718164992	0.792619256398035	-0.173279522345063	0.607192070558016	49
103	1.06370718164992	0.792619256398035	-0.173279522345063	0.607192070558016	50
103	1.06370718164992	0.792619256398035	-0.173279522345063	0.607192070558016	51
103	1.06370718164992	0.792619256398035	-0.173279522345063	0.607192070558016	52
103	1.06370718164992	0.792619256398035	-0.173279522345063	0.607192070558016	53
103	1.06370718164992	0.792619256398035	-0.173279522345063	0.607192070558016	54
103	1.06370718164992	0.792619256398035	-0.173279522345063	0.607192070558016	55
103	1.06370718164992	0.792619256398035	-0.173279522345063	0.607192070558016	56
97	1.06370718164992	1.40161776050478	-0.173279522345063	-1.03924000273317	50
97	1.06370718164992	1.40161776050478	-0.173279522345063	-1.03924000273317	51
97	1.06370718164992	1.40161776050478	-0.173279522345063	-1.03924000273317	52
97	1.06370718164992	1.40161776050478	-0.173279522345063	-1.03924000273317	53
97	1.06370718164992	1.40161776050478	-0.173279522345063	-1.03924000273317	54
97	1.06370718164992	1.40161776050478	-0.173279522345063	-1.03924000273317	55
97	1.06370718164992	1.40161776050478	-0.173279522345063	-1.03924000273317	56
94	1.06370718164992	0.100025371983883	-0.173279522345063	-0.236824251542456	51
94	1.06370718164992	0.100025371983883	-0.173279522345063	-0.236824251542456	52
94	1.06370718164992	0.100025371983883	-0.173279522345063	-0.236824251542456	53
94	1.06370718164992	0.100025371983883	-0.173279522345063	-0.236824251542456	54
94	1.06370718164992	0.100025371983883	-0.173279522345063	-0.236824251542456	55
94	1.06370718164992	0.100025371983883	-0.173279522345063	-0.236824251542456	56
104	1.06370718164992	0.680007131451493	-0.173279522345063	0.720886697023441	52
104	1.06370718164992	0.680007131451493	-0.173279522345063	0.720886697023441	53
104	1.06370718164992	0.680007131451493	-0.173279522345063	0.720886697023441	54
104	1.06370718164992	0.680007131451493	-0.173279522345063	0.720886697023441	55
104	1.06370718164992	0.680007131451493	-0.173279522345063	0.720886697023441	56
102	1.06370718164992	0.364263546051023	-0.173279522345063	0.538355269639434	53
102	1.06370718164992	0.364263546051023	-0.173279522345063	0.538355269639434	54
102	1.06370718164992	0.364263546051023	-0.173279522345063	0.538355269639434	55
102	1.06370718164992	0.364263546051023	-0.173279522345063	0.538355269639434	56
107	1.06370718164992	0.785420591453131	-0.173279522345063	0.820443469956613	53
107	1.06370718164992	0.785420591453131	-0.173279522345063	0.820443469956613	54
107	1.06370718164992	0.785420591453131	-0.173279522345063	0.820443469956613	55
107	1.06370718164992	0.785420591453131	-0.173279522345063	0.820443469956613	56
106	1.06370718164992	1.49418833126783	-0.173279522345063	0.822669517730394	53
106	1.06370718164992	1.49418833126783	-0.173279522345063	0.822669517730394	54
106	1.06370718164992	1.49418833126783	-0.173279522345063	0.822669517730394	55
106	1.06370718164992	1.49418833126783	-0.173279522345063	0.822669517730394	56
119	1.06370718164992	2.00002880371391	-0.173279522345063	0.378733305203177	53
119	1.06370718164992	2.00002880371391	-0.173279522345063	0.378733305203177	54
119	1.06370718164992	2.00002880371391	-0.173279522345063	0.378733305203177	55
119	1.06370718164992	2.00002880371391	-0.173279522345063	0.378733305203177	56
109	1.06370718164992	0.318339521244343	-0.173279522345063	0.675729727753681	53
109	1.06370718164992	0.318339521244343	-0.173279522345063	0.675729727753681	54
109	1.06370718164992	0.318339521244343	-0.173279522345063	0.675729727753681	55
109	1.06370718164992	0.318339521244343	-0.173279522345063	0.675729727753681	56
108	1.06370718164992	0.926435595873674	-0.173279522345063	0.962365828532952	54
108	1.06370718164992	0.926435595873674	-0.173279522345063	0.962365828532952	55
108	1.06370718164992	0.926435595873674	-0.173279522345063	0.962365828532952	56
92	1.06370718164992	-0.0810226283917818	-0.173279522345063	-0.217863699268933	54
92	1.06370718164992	-0.0810226283917818	-0.173279522345063	-0.217863699268933	55
92	1.06370718164992	-0.0810226283917818	-0.173279522345063	-0.217863699268933	56
93	1.06370718164992	0.358679551529044	-0.173279522345063	-1.102787727343	54
93	1.06370718164992	0.358679551529044	-0.173279522345063	-1.102787727343	55
93	1.06370718164992	0.358679551529044	-0.173279522345063	-1.102787727343	56
99	1.06370718164992	2.1780869965732	-0.173279522345063	-0.523566800429762	54
99	1.06370718164992	2.1780869965732	-0.173279522345063	-0.523566800429762	55
99	1.06370718164992	2.1780869965732	-0.173279522345063	-0.523566800429762	56
98	1.06370718164992	0.431331267181498	-0.173279522345063	0.864821384876168	54
98	1.06370718164992	0.431331267181498	-0.173279522345063	0.864821384876168	55
98	1.06370718164992	0.431331267181498	-0.173279522345063	0.864821384876168	56
117	1.06370718164992	1.45018710127266	-0.173279522345063	0.981440167285362	55
117	1.06370718164992	1.45018710127266	-0.173279522345063	0.981440167285362	56
115	1.06370718164992	-0.115920105042845	-0.173279522345063	0.249180998806552	55
115	1.06370718164992	-0.115920105042845	-0.173279522345063	0.249180998806552	56
91	1.06370718164992	-0.178778804901911	-0.173279522345063	-0.406098678782491	55
91	1.06370718164992	-0.178778804901911	-0.173279522345063	-0.406098678782491	56
120	1.06370718164992	0.124930918143108	-0.173279522345063	-1.04493360901523	55
120	1.06370718164992	0.124930918143108	-0.173279522345063	-1.04493360901523	56
96	1.06370718164992	0.433023701701037	-0.173279522345063	0.98039989850586	55
96	1.06370718164992	0.433023701701037	-0.173279522345063	0.98039989850586	56
100	1.06370718164992	2.06309983727636	-0.173279522345063	0.695816076365699	56
114	1.06370718164992	0.347905219319001	-0.173279522345063	0.943103222152607	56
95	1.06370718164992	-0.303036624595263	-0.173279522345063	-0.443336801326343	56
101	1.06370718164992	0.379633322775876	-0.173279522345063	1.04211587314424	56
116	1.06370718164992	-0.286300530434326	-0.173279522345063	-0.640605534418578	56
146	-0.743091657877376	-0.664972436212003	0.249046007078814	0.536469598527614	57
146	-0.743091657877376	-0.664972436212003	0.249046007078814	0.536469598527614	58
146	-0.743091657877376	-0.664972436212003	0.249046007078814	0.536469598527614	59
146	-0.743091657877376	-0.664972436212003	0.249046007078814	0.536469598527614	60
146	-0.743091657877376	-0.664972436212003	0.249046007078814	0.536469598527614	61
146	-0.743091657877376	-0.664972436212003	0.249046007078814	0.536469598527614	62
146	-0.743091657877376	-0.664972436212003	0.249046007078814	0.536469598527614	63
146	-0.743091657877376	-0.664972436212003	0.249046007078814	0.536469598527614	64
146	-0.743091657877376	-0.664972436212003	0.249046007078814	0.536469598527614	65
146	-0.743091657877376	-0.664972436212003	0.249046007078814	0.536469598527614	66
146	-0.743091657877376	-0.664972436212003	0.249046007078814	0.536469598527614	67
146	-0.743091657877376	-0.664972436212003	0.249046007078814	0.536469598527614	68
146	-0.743091657877376	-0.664972436212003	0.249046007078814	0.536469598527614	69
146	-0.743091657877376	-0.664972436212003	0.249046007078814	0.536469598527614	70
150	-0.743091657877376	-1.01619026309895	0.249046007078814	-0.0561637893147008	58
150	-0.743091657877376	-1.01619026309895	0.249046007078814	-0.0561637893147008	59
150	-0.743091657877376	-1.01619026309895	0.249046007078814	-0.0561637893147008	60
150	-0.743091657877376	-1.01619026309895	0.249046007078814	-0.0561637893147008	61
150	-0.743091657877376	-1.01619026309895	0.249046007078814	-0.0561637893147008	62
150	-0.743091657877376	-1.01619026309895	0.249046007078814	-0.0561637893147008	63
150	-0.743091657877376	-1.01619026309895	0.249046007078814	-0.0561637893147008	64
150	-0.743091657877376	-1.01619026309895	0.249046007078814	-0.0561637893147008	65
150	-0.743091657877376	-1.01619026309895	0.249046007078814	-0.0561637893147008	66
150	-0.743091657877376	-1.01619026309895	0.249046007078814	-0.0561637893147008	67
150	-0.743091657877376	-1.01619026309895	0.249046007078814	-0.0561637893147008	68
150	-0.743091657877376	-1.01619026309895	0.249046007078814	-0.0561637893147008	69
150	-0.743091657877376	-1.01619026309895	0.249046007078814	-0.0561637893147008	70
149	-0.743091657877376	-0.487460310141485	0.249046007078814	-0.0751922966156808	59
149	-0.743091657877376	-0.487460310141485	0.249046007078814	-0.0751922966156808	60
149	-0.743091657877376	-0.487460310141485	0.249046007078814	-0.0751922966156808	61
149	-0.743091657877376	-0.487460310141485	0.249046007078814	-0.0751922966156808	62
149	-0.743091657877376	-0.487460310141485	0.249046007078814	-0.0751922966156808	63
149	-0.743091657877376	-0.487460310141485	0.249046007078814	-0.0751922966156808	64
149	-0.743091657877376	-0.487460310141485	0.249046007078814	-0.0751922966156808	65
149	-0.743091657877376	-0.487460310141485	0.249046007078814	-0.0751922966156808	66
149	-0.743091657877376	-0.487460310141485	0.249046007078814	-0.0751922966156808	67
149	-0.743091657877376	-0.487460310141485	0.249046007078814	-0.0751922966156808	68
149	-0.743091657877376	-0.487460310141485	0.249046007078814	-0.0751922966156808	69
149	-0.743091657877376	-0.487460310141485	0.249046007078814	-0.0751922966156808	70
130	-0.743091657877376	-0.63541803786317	0.249046007078814	-0.231467075484584	60
130	-0.743091657877376	-0.63541803786317	0.249046007078814	-0.231467075484584	61
130	-0.743091657877376	-0.63541803786317	0.249046007078814	-0.231467075484584	62
130	-0.743091657877376	-0.63541803786317	0.249046007078814	-0.231467075484584	63
130	-0.743091657877376	-0.63541803786317	0.249046007078814	-0.231467075484584	64
130	-0.743091657877376	-0.63541803786317	0.249046007078814	-0.231467075484584	65
130	-0.743091657877376	-0.63541803786317	0.249046007078814	-0.231467075484584	66
130	-0.743091657877376	-0.63541803786317	0.249046007078814	-0.231467075484584	67
130	-0.743091657877376	-0.63541803786317	0.249046007078814	-0.231467075484584	68
130	-0.743091657877376	-0.63541803786317	0.249046007078814	-0.231467075484584	69
130	-0.743091657877376	-0.63541803786317	0.249046007078814	-0.231467075484584	70
139	-0.743091657877376	-0.276592208458037	0.249046007078814	0.426734585763114	61
139	-0.743091657877376	-0.276592208458037	0.249046007078814	0.426734585763114	62
139	-0.743091657877376	-0.276592208458037	0.249046007078814	0.426734585763114	63
139	-0.743091657877376	-0.276592208458037	0.249046007078814	0.426734585763114	64
139	-0.743091657877376	-0.276592208458037	0.249046007078814	0.426734585763114	65
139	-0.743091657877376	-0.276592208458037	0.249046007078814	0.426734585763114	66
139	-0.743091657877376	-0.276592208458037	0.249046007078814	0.426734585763114	67
139	-0.743091657877376	-0.276592208458037	0.249046007078814	0.426734585763114	68
139	-0.743091657877376	-0.276592208458037	0.249046007078814	0.426734585763114	69
139	-0.743091657877376	-0.276592208458037	0.249046007078814	0.426734585763114	70
131	-0.743091657877376	-1.11234621215023	0.249046007078814	-0.118892273545785	62
131	-0.743091657877376	-1.11234621215023	0.249046007078814	-0.118892273545785	63
131	-0.743091657877376	-1.11234621215023	0.249046007078814	-0.118892273545785	64
131	-0.743091657877376	-1.11234621215023	0.249046007078814	-0.118892273545785	65
131	-0.743091657877376	-1.11234621215023	0.249046007078814	-0.118892273545785	66
131	-0.743091657877376	-1.11234621215023	0.249046007078814	-0.118892273545785	67
131	-0.743091657877376	-1.11234621215023	0.249046007078814	-0.118892273545785	68
131	-0.743091657877376	-1.11234621215023	0.249046007078814	-0.118892273545785	69
131	-0.743091657877376	-1.11234621215023	0.249046007078814	-0.118892273545785	70
137	-0.743091657877376	-0.512570947571515	0.249046007078814	-0.261675294870783	63
137	-0.743091657877376	-0.512570947571515	0.249046007078814	-0.261675294870783	64
137	-0.743091657877376	-0.512570947571515	0.249046007078814	-0.261675294870783	65
137	-0.743091657877376	-0.512570947571515	0.249046007078814	-0.261675294870783	66
137	-0.743091657877376	-0.512570947571515	0.249046007078814	-0.261675294870783	67
137	-0.743091657877376	-0.512570947571515	0.249046007078814	-0.261675294870783	68
137	-0.743091657877376	-0.512570947571515	0.249046007078814	-0.261675294870783	69
137	-0.743091657877376	-0.512570947571515	0.249046007078814	-0.261675294870783	70
140	-0.743091657877376	-0.224612614898356	0.249046007078814	0.526599363560688	64
140	-0.743091657877376	-0.224612614898356	0.249046007078814	0.526599363560688	65
140	-0.743091657877376	-0.224612614898356	0.249046007078814	0.526599363560688	66
140	-0.743091657877376	-0.224612614898356	0.249046007078814	0.526599363560688	67
140	-0.743091657877376	-0.224612614898356	0.249046007078814	0.526599363560688	68
140	-0.743091657877376	-0.224612614898356	0.249046007078814	0.526599363560688	69
140	-0.743091657877376	-0.224612614898356	0.249046007078814	0.526599363560688	70
147	-0.743091657877376	-0.115920105042845	0.249046007078814	0.249180998806552	65
147	-0.743091657877376	-0.115920105042845	0.249046007078814	0.249180998806552	66
147	-0.743091657877376	-0.115920105042845	0.249046007078814	0.249180998806552	67
147	-0.743091657877376	-0.115920105042845	0.249046007078814	0.249180998806552	68
147	-0.743091657877376	-0.115920105042845	0.249046007078814	0.249180998806552	69
147	-0.743091657877376	-0.115920105042845	0.249046007078814	0.249180998806552	70
123	-0.743091657877376	-0.0810226283917818	0.249046007078814	-0.217863699268933	66
123	-0.743091657877376	-0.0810226283917818	0.249046007078814	-0.217863699268933	67
123	-0.743091657877376	-0.0810226283917818	0.249046007078814	-0.217863699268933	68
123	-0.743091657877376	-0.0810226283917818	0.249046007078814	-0.217863699268933	69
123	-0.743091657877376	-0.0810226283917818	0.249046007078814	-0.217863699268933	70
129	-0.743091657877376	-0.303036624595263	0.249046007078814	-0.443336801326343	67
129	-0.743091657877376	-0.303036624595263	0.249046007078814	-0.443336801326343	68
129	-0.743091657877376	-0.303036624595263	0.249046007078814	-0.443336801326343	69
129	-0.743091657877376	-0.303036624595263	0.249046007078814	-0.443336801326343	70
122	-0.743091657877376	-0.178778804901911	0.249046007078814	-0.406098678782491	67
122	-0.743091657877376	-0.178778804901911	0.249046007078814	-0.406098678782491	68
122	-0.743091657877376	-0.178778804901911	0.249046007078814	-0.406098678782491	69
122	-0.743091657877376	-0.178778804901911	0.249046007078814	-0.406098678782491	70
135	-0.743091657877376	-0.846746661788102	0.249046007078814	1.17261167036215	67
135	-0.743091657877376	-0.846746661788102	0.249046007078814	1.17261167036215	68
135	-0.743091657877376	-0.846746661788102	0.249046007078814	1.17261167036215	69
135	-0.743091657877376	-0.846746661788102	0.249046007078814	1.17261167036215	70
128	-0.743091657877376	0.100025371983883	0.249046007078814	-0.236824251542456	67
128	-0.743091657877376	0.100025371983883	0.249046007078814	-0.236824251542456	68
128	-0.743091657877376	0.100025371983883	0.249046007078814	-0.236824251542456	69
128	-0.743091657877376	0.100025371983883	0.249046007078814	-0.236824251542456	70
148	-0.743091657877376	-0.286300530434326	0.249046007078814	-0.640605534418578	67
148	-0.743091657877376	-0.286300530434326	0.249046007078814	-0.640605534418578	68
148	-0.743091657877376	-0.286300530434326	0.249046007078814	-0.640605534418578	69
148	-0.743091657877376	-0.286300530434326	0.249046007078814	-0.640605534418578	70
125	-0.743091657877376	-1.47815005510862	0.249046007078814	-0.582058439800298	68
125	-0.743091657877376	-1.47815005510862	0.249046007078814	-0.582058439800298	69
125	-0.743091657877376	-1.47815005510862	0.249046007078814	-0.582058439800298	70
144	-0.743091657877376	0.318339521244343	0.249046007078814	0.675729727753681	68
144	-0.743091657877376	0.318339521244343	0.249046007078814	0.675729727753681	69
144	-0.743091657877376	0.318339521244343	0.249046007078814	0.675729727753681	70
143	-0.743091657877376	0.364263546051023	0.249046007078814	0.538355269639434	68
143	-0.743091657877376	0.364263546051023	0.249046007078814	0.538355269639434	69
143	-0.743091657877376	0.364263546051023	0.249046007078814	0.538355269639434	70
127	-0.743091657877376	-1.83562861241005	0.249046007078814	0.595280802137792	68
127	-0.743091657877376	-1.83562861241005	0.249046007078814	0.595280802137792	69
127	-0.743091657877376	-1.83562861241005	0.249046007078814	0.595280802137792	70
142	-0.743091657877376	0.0890783514475545	0.249046007078814	1.15802877240408	68
142	-0.743091657877376	0.0890783514475545	0.249046007078814	1.15802877240408	69
142	-0.743091657877376	0.0890783514475545	0.249046007078814	1.15802877240408	70
145	-0.743091657877376	0.347905219319001	0.249046007078814	0.943103222152607	69
145	-0.743091657877376	0.347905219319001	0.249046007078814	0.943103222152607	70
134	-0.743091657877376	-0.310260637549223	0.249046007078814	-0.971997841219334	69
134	-0.743091657877376	-0.310260637549223	0.249046007078814	-0.971997841219334	70
126	-0.743091657877376	-0.612328388440631	0.249046007078814	-1.05380504058291	69
126	-0.743091657877376	-0.612328388440631	0.249046007078814	-1.05380504058291	70
138	-0.743091657877376	0.431331267181498	0.249046007078814	0.864821384876168	69
138	-0.743091657877376	0.431331267181498	0.249046007078814	0.864821384876168	70
124	-0.743091657877376	-0.38017425210529	0.249046007078814	-1.056128739529	69
124	-0.743091657877376	-0.38017425210529	0.249046007078814	-1.056128739529	70
141	-0.743091657877376	0.379633322775876	0.249046007078814	1.04211587314424	70
121	-0.743091657877376	-1.62645381074233	0.249046007078814	-0.816356675777918	70
132	-0.743091657877376	0.433023701701037	0.249046007078814	0.98039989850586	70
133	-0.743091657877376	-0.430280372557587	0.249046007078814	-1.13505460388082	70
136	-0.743091657877376	-1.44329187321843	0.249046007078814	-0.998894648368376	70
